USE QUAN_LI_CHUYEN_BAY
GO

INSERT INTO HANHKHACH VALUES ('0123','Tran thanh Long','1998-04-05','Binh Duong','09435258512'),
('1123','Gia An ','1978-02-07','Tay Ninh','094585843'),
('2123','Le Trung ','1999-03-23','Gia Dinh','0945887733'),
('3123','Van Toan ','1958-05-17','Ha Noi','0945784333'),
('4123','Jony  ','1995-08-27','HCM','0945852233'),
('5123','My Hanh ','1992-12-05','Phu THo','09445272333'),
('6123','Cuong Thinh ','2009-04-07','Nghe AN','0945572333'),
('7123','An Khanh ','2014-12-17','Binh Thuan','094475333'),
('8123','Vu Long ','2020-04-27','Thanh Hoa','0945985333'),
('9123','Thuy Duong','2002-04-17','Lao Cai','094574333');

INSERT INTO PHICONG VALUES ('PC01','Tran Long','AN GIANG','084566632',0,0),
('PC02','Nguyen Thanh','Tay Ninh','084566632',0,0),
('PC03','Dao Gia ','Binh Thuan','084566778',0,0),
('PC04','Le Phung ','AN GIANG','0845222',0,0);

INSERT INTO LOAIMAYBAY VALUES ('LMB01','Airbus'),
('LMB02','Boeing'),
('LMB03','Antonov'),
('LMB04','Embraer'),
('LMB05','Bombardier');

INSERT INTO KHANANG VALUES ('PC01','LMB01'),
('PC02','LMB01'),
('PC03','LMB01'),
('PC04','LMB01'),
('PC01','LMB02'),
('PC01','LMB03'),
('PC02','LMB04'),
('PC04','LMB05'),
('PC04','LMB04');

INSERT INTO MAYBAY  VALUES ('H01','LMB01',75),
('H02','LMB01',75),
('H03','LMB01',75),
('H04','LMB02',75),
('H05','LMB03',75),
('H06','LMB04',75),
('H07','LMB05',75),
('H08','LMB05',75),
('H09','LMB04',75),
('H010','LMB03',75),
('H011','LMB03',75);



INSERT INTO LICHBAY VALUES ('CB01','H01','2022-6-2 7:00:00','2022-6-2 9:00:00','HCM','Da Nang',NULL,75,'PC01');
INSERT INTO LICHBAY VALUES ('CB02','H010','2022-6-2 7:00:00','2022-6-2 12:00:00','HCM','Ha Noi','landing',75,'PC02');
INSERT INTO LICHBAY VALUES ('CB03','H09','2022-6-2 7:00:00','2022-6-2 10:00:00','HCM','Ha Noi','cancel',75,'PC03');
INSERT INTO LICHBAY VALUES ('CB04','H04','2022-6-2 7:00:00','2022-6-2 9:00:00','Ha Noi','Da Nang',NULL,75,'PC04');

INSERT INTO LICHBAY VALUES ('CB01','H03','2022-6-5 7:00:00','2022-6-5 10:00:00','HCM','Da Nang','delay',75,'PC02');
INSERT INTO LICHBAY VALUES ('CB02','H01','2022-6-5 8:00:00','2022-6-5 14:00:00','Ha Noi','Da Nang',NULL,75,'PC01');

INSERT INTO LICHBAY VALUES ('CB01','H06','2022-6-20 8:00:00','2022-6-20 13:00:00','HCM','Da Nang','take off',75,'PC03');
INSERT INTO LICHBAY VALUES ('CB01','H03','2022-6-20 7:00:00','2022-6-20 9:00:00','HCM','Da Nang',NULL,75,'PC01');

INSERT INTO LICHBAY VALUES ('CB01','H01','2022-6-21 7:00:00','2022-6-21 9:00:00','Ha Noi','Da Nang',NULL,75,'PC01');
INSERT INTO LICHBAY VALUES ('CB03','H05','2022-6-21 7:00:00','2022-6-21 9:00:00','HCM','Da Nang',NULL,75,'PC02');

INSERT INTO LICHBAY VALUES ('CB02','H05','2022-6-24 7:00:00','2022-6-24 9:00:00','Ha Noi','Da Nang','take off',75,'PC03');
INSERT INTO LICHBAY VALUES ('CB03','H01','2022-6-24 7:00:00','2022-6-24 9:00:00','HCM','Da Nang',NULL,75,'PC01');
INSERT INTO LICHBAY VALUES ('CB04','H01','2022-6-24 7:00:00','2022-6-24 9:00:00','HCM','Da Nang','flying',75,'PC04');
INSERT INTO LICHBAY VALUES ('CB01','H01','2022-7-1 7:00:00','2022-7-1 9:00:00','HCM','Da Nang',NULL,75,'PC01');
INSERT INTO LICHBAY VALUES ('CB02','H010','2022-7-1 7:00:00','2022-7-1 12:00:00','HCM','Ha Noi','landing',75,'PC02');
INSERT INTO LICHBAY VALUES ('CB03','H09','2022-7-1 7:00:00','2022-7-1 10:00:00','HCM','Ha Noi','cancel',75,'PC03');
INSERT INTO LICHBAY VALUES ('CB04','H04','2022-7-1 7:00:00','2022-7-1 9:00:00','Ha Noi','Da Nang',NULL,75,'PC04');

INSERT INTO LICHBAY VALUES ('CB01','H03','2022-7-12 7:00:00','2022-7-12 10:00:00','HCM','Da Nang','delay',75,'PC02');
INSERT INTO LICHBAY VALUES ('CB02','H01','2022-7-12 8:00:00','2022-7-12 14:00:00','Ha Noi','Da Nang',NULL,75,'PC01');

INSERT INTO LICHBAY VALUES ('CB01','H06','2022-7-10 8:00:00','2022-7-10 13:00:00','HCM','Da Nang','take off',75,'PC03');
INSERT INTO LICHBAY VALUES ('CB01','H03','2022-7-10 7:00:00','2022-7-10 9:00:00','HCM','Da Nang',NULL,75,'PC01');

INSERT INTO LICHBAY VALUES ('CB01','H01','2022-7-11 7:00:00','2022-7-11 9:00:00','Ha Noi','Da Nang',NULL,75,'PC01');
INSERT INTO LICHBAY VALUES ('CB03','H05','2022-7-11 7:00:00','2022-7-11 9:00:00','HCM','Da Nang',NULL,75,'PC02');

INSERT INTO LICHBAY VALUES ('CB02','H05','2022-7-14 7:00:00','2022-7-14 9:00:00','Ha Noi','Da Nang','take off',75,'PC03');
INSERT INTO LICHBAY VALUES ('CB03','H01','2022-7-14 7:00:00','2022-7-14 9:00:00','HCM','Da Nang',NULL,75,'PC01');
INSERT INTO LICHBAY VALUES ('CB04','H01','2022-7-14 7:00:00','2022-7-14 9:00:00','HCM','Da Nang','flying',75,'PC04');


INSERT INTO VE VALUES
 ('0123','CB01','2022-6-2 7:00:00','2022-6-21 7:00:00','2022-6-21 9:00:00','2022-6-21','Ha Noi','Da Nang','Paid',1,10000,0,0,10000),
 ('1123','CB01','2022-6-2 7:00:00','2022-6-21 7:00:00','2022-6-21 9:00:00','2022-6-21','Ha Noi','Da Nang','Paid',2,10000,0,0,10000),
 ('2123','CB01','2022-6-2 7:00:00','2022-6-21 7:00:00','2022-6-21 9:00:00','2022-6-21','Ha Noi','Da Nang','Paid',3,10000,0,0,10000),
 ('3123','CB01','2022-6-2 7:00:00','2022-6-21 7:00:00','2022-6-21 9:00:00','2022-6-21','Ha Noi','Da Nang','Paid',4,10000,0,0,10000),

 ('4123','CB02','2022-5-2 7:00:00','2022-6-2 7:00:00','2022-6-2 12:00:00','2022-6-2','HCM','Ha Noi','Paid',1,10000,0,0,10000),
 ('5123','CB02','2022-5-2 7:00:00','2022-6-2 7:00:00','2022-6-2 12:00:00','2022-6-2','HCM','Ha Noi','Paid',2,10000,0,0,10000),

 ('6123','CB04','2022-5-2 7:00:00','2022-6-2 7:00:00','2022-6-2 9:00:00','2022-6-2 ','Ha Noi','Da Nang','Paid',1,10000,0,0,10000),
 ('7123','CB04','2022-5-2 7:00:00','2022-6-2 7:00:00','2022-6-2 9:00:00','2022-6-2 ','Ha Noi','Da Nang','Paid',2,10000,0,0,10000),
 ('8123','CB04','2022-5-2 7:00:00','2022-6-2 7:00:00','2022-6-2 9:00:00','2022-6-2 ','Ha Noi','Da Nang','Paid',3,10000,0,0,10000),
 ('9123','CB04','2022-5-2 7:00:00','2022-6-2 7:00:00','2022-6-2 9:00:00','2022-6-2 ','Ha Noi','Da Nang','Paid',4,10000,0,0,10000),

 ('0123','CB01','2022-5-2 7:00:00','2022-6-5 7:00:00','2022-6-5 10:00:00','2022-6-5','HCM','Da Nang','Paid',1,10000,0,0,10000),
 ('1123','CB01','2022-5-2 7:00:00','2022-6-5 7:00:00','2022-6-5 10:00:00','2022-6-5','HCM','Da Nang','Paid',2,10000,0,0,10000),

 ('0123','CB02','2022-6-2 7:00:00','2022-6-24 7:00:00','2022-6-24 9:00:00','2022-6-24','Ha Noi','Da Nang','Paid',1,10000,0,0,10000),
 ('1123','CB02','2022-6-2 7:00:00','2022-6-24 7:00:00','2022-6-24 9:00:00','2022-6-24','Ha Noi','Da Nang','Paid',2,10000,0,0,10000),
 ('2123','CB02','2022-6-2 7:00:00','2022-6-24 7:00:00','2022-6-24 9:00:00','2022-6-24','Ha Noi','Da Nang','Paid',3,10000,0,0,10000),
 ('3123','CB02','2022-6-2 7:00:00','2022-6-24 7:00:00','2022-6-24 9:00:00','2022-6-24','Ha Noi','Da Nang','Paid',4,10000,0,0,10000),

  ('0123','CB01','2022-7-1 7:00:00','2022-7-11 7:00:00','2022-7-11 9:00:00','2022-7-11','Ha Noi','Da Nang','Paid',1,10000,0,0,10000),
 ('1123','CB01','2022-7-1 7:00:00','2022-7-11 7:00:00','2022-7-11 9:00:00','2022-7-11','Ha Noi','Da Nang','Paid',3,10000,0,0,10000),
 ('2123','CB01','2022-7-1 7:00:00','2022-7-11 7:00:00','2022-7-11 9:00:00','2022-7-11','Ha Noi','Da Nang','Paid',4,10000,0,0,10000),
 ('3123','CB01','2022-7-1 7:00:00','2022-7-11 7:00:00','2022-7-11 9:00:00','2022-7-11','Ha Noi','Da Nang','Paid',7,10000,0,0,10000),

 ('4123','CB02','2022-6-8 7:00:00','2022-7-1 7:00:00','2022-7-1 12:00:00','2022-7-1','HCM','Ha Noi','Paid',1,10000,0,0,10000),
 ('5123','CB02','2022-6-8 7:00:00','2022-7-1 7:00:00','2022-7-1 12:00:00','2022-7-1','HCM','Ha Noi','Paid',2,10000,0,0,10000),

 ('6123','CB04','2022-6-8 7:00:00','2022-7-1 7:00:00','2022-7-1 9:00:00','2022-7-1 ','Ha Noi','Da Nang','Paid',1,10000,0,0,10000),
 ('7123','CB04','2022-6-8 7:00:00','2022-7-1 7:00:00','2022-7-1 9:00:00','2022-7-1 ','Ha Noi','Da Nang','Paid',2,10000,0,0,10000),
 ('8123','CB04','2022-6-8 7:00:00','2022-7-1 7:00:00','2022-7-1 9:00:00','2022-7-1 ','Ha Noi','Da Nang','Paid',5,10000,0,0,10000),
 ('9123','CB04','2022-6-8 7:00:00','2022-7-1 7:00:00','2022-7-1 9:00:00','2022-7-1 ','Ha Noi','Da Nang','Paid',12,10000,0,0,10000),

 ('0123','CB01','2022-6-8 7:00:00','2022-7-12 7:00:00','2022-7-12 10:00:00','2022-7-12','HCM','Da Nang','Paid',1,10000,0,0,10000),
 ('1123','CB01','2022-6-8 7:00:00','2022-7-12 7:00:00','2022-7-12 10:00:00','2022-7-12','HCM','Da Nang','Paid',5,10000,0,0,10000),

 ('0123','CB02','2022-7-1 7:00:00','2022-7-14 7:00:00','2022-7-14 9:00:00','2022-7-14','Ha Noi','Da Nang','Paid',1,10000,0,0,10000),
 ('1123','CB02','2022-7-1 7:00:00','2022-7-14 7:00:00','2022-7-14 9:00:00','2022-7-14','Ha Noi','Da Nang','Paid',2,10000,0,0,10000),
 ('2123','CB02','2022-7-1 7:00:00','2022-7-14 7:00:00','2022-7-14 9:00:00','2022-7-14','Ha Noi','Da Nang','Paid',5,10000,0,0,10000),
 ('3123','CB02','2022-7-1 7:00:00','2022-7-14 7:00:00','2022-7-14 9:00:00','2022-7-14','Ha Noi','Da Nang','Paid',10,10000,0,0,10000);